{
    "AB: Main menu": {
        "abt__ut2_demo_block_id": "main_menu",
        "items": {
            "210": {
                "position": "10",
                "class": "ty-menu-item__products",
                "abt__ut2_mwi__status": "Y",
                "abt__ut2_mwi__label": "Top",
                "abt__ut2_mwi__label_color": "#ffffff",
                "abt__ut2_mwi__label_background": "#eb560c",
                "abt__ut2_mwi__desc": "Full list links of all active categories in your store",
                "abt__ut2_mwi__text_position": "bottom",
                "abt__ut2_mwi__dropdown": "N",
                "item": "Catalog",
                "ru": {
                    "descr": "\u0412\u0441\u0435 \u0442\u043e\u0432\u0430\u0440\u044b",
                    "abt__ut2_mwi__desc": "\u0412\u0441\u0435 \u043a\u0430\u0442\u0435\u0433\u043e\u0440\u0438\u0438 \u0434\u043e\u0441\u0442\u0443\u043f\u043d\u044b\u0435 \u0432 \u043c\u0430\u0433\u0430\u0437\u0438\u043d\u0435",
                    "abt__ut2_mwi__label": "\u0422\u041e\u041f"
                },
                "image": "210-abt__ut2_mwi__icon.png"
            },
            "211": {
                "position": "20",
                "class": "ty-menu-item__electronics",
                "abt__ut2_mwi__status": "Y",
                "abt__ut2_mwi__label": "Popular",
                "abt__ut2_mwi__label_color": "#ffffff",
                "abt__ut2_mwi__label_background": "#363636",
                "abt__ut2_mwi__desc": "Popular gadgets and accessories",
                "abt__ut2_mwi__text": "<p><img src=\"data:image\/gif;base64,R0lGODlhAQABAAAAACH5BAEKAAEALAAAAAABAAEAAAICTAEAOw==\" data-src=\"design\/themes\/abt__unitheme2\/media\/images\/abt__unitheme2\/electronics-bg-menu.jpg\">\r\n<\/p>",
                "abt__ut2_mwi__text_position": "right_top",
                "abt__ut2_mwi__dropdown": "N",
                "subitems": {
                    "212": {
                        "abt__ut2_mwi__status": "Y",
                        "abt__ut2_mwi__label": "Hit",
                        "abt__ut2_mwi__label_color": "#eb560c",
                        "abt__ut2_mwi__label_background": "#ffffff",
                        "abt__ut2_mwi__text_position": "bottom",
                        "abt__ut2_mwi__dropdown": "N",
                        "level": 1,
                        "item": "Computers",
                        "ru": {
                            "descr": "\u041a\u043e\u043c\u043f\u044c\u044e\u0442\u0435\u0440\u044b",
                            "abt__ut2_mwi__label": "\u0425\u0438\u0442"
                        },
                        "image": "212-abt__ut2_mwi__icon.png",
                        "ab__use_category_link": "Y"
                    },
                    "213": {
                        "abt__ut2_mwi__status": "Y",
                        "abt__ut2_mwi__label_color": "#ffffff",
                        "abt__ut2_mwi__label_background": "#ffffff",
                        "abt__ut2_mwi__text_position": "bottom",
                        "abt__ut2_mwi__dropdown": "N",
                        "level": 1,
                        "item": "Car Electronics",
                        "ru": {
                            "descr": "\u0410\u0432\u0442\u043e\u043c\u043e\u0431\u0438\u043b\u044c\u043d\u0430\u044f \u044d\u043b\u0435\u043a\u0442\u0440\u043e\u043d\u0438\u043a\u0430"
                        },
                        "image": "213-abt__ut2_mwi__icon.png",
                        "ab__use_category_link": "Y"
                    },
                    "214": {
                        "abt__ut2_mwi__status": "Y",
                        "abt__ut2_mwi__label_color": "#ffffff",
                        "abt__ut2_mwi__label_background": "#ffffff",
                        "abt__ut2_mwi__text_position": "bottom",
                        "abt__ut2_mwi__dropdown": "N",
                        "level": 1,
                        "item": "TV & Video",
                        "ru": {
                            "descr": "\u0422\u0435\u043b\u0435\u0432\u0438\u0437\u043e\u0440\u044b \u0438 \u0432\u0438\u0434\u0435\u043e"
                        },
                        "image": "214-abt__ut2_mwi__icon.png",
                        "ab__use_category_link": "Y"
                    },
                    "215": {
                        "abt__ut2_mwi__status": "Y",
                        "abt__ut2_mwi__label_color": "#ffffff",
                        "abt__ut2_mwi__label_background": "#ffffff",
                        "abt__ut2_mwi__text_position": "bottom",
                        "abt__ut2_mwi__dropdown": "N",
                        "level": 1,
                        "item": "Cell Phones",
                        "ru": {
                            "descr": "\u0422\u0435\u043b\u0435\u0444\u043e\u043d\u044b"
                        },
                        "image": "215-abt__ut2_mwi__icon.png",
                        "ab__use_category_link": "Y"
                    },
                    "216": {
                        "abt__ut2_mwi__status": "Y",
                        "abt__ut2_mwi__label_color": "#ffffff",
                        "abt__ut2_mwi__label_background": "#ffffff",
                        "abt__ut2_mwi__text_position": "bottom",
                        "abt__ut2_mwi__dropdown": "N",
                        "level": 1,
                        "item": "MP3 Players",
                        "href": "categories.view&category_id=177",
                        "ru": {
                            "descr": "MP3 \u043f\u043b\u0435\u0435\u0440\u044b"
                        },
                        "image": "216-abt__ut2_mwi__icon.png",
                        "ab__use_category_link": "Y"
                    },
                    "217": {
                        "abt__ut2_mwi__status": "Y",
                        "abt__ut2_mwi__label_color": "#ffffff",
                        "abt__ut2_mwi__label_background": "#ffffff",
                        "abt__ut2_mwi__text_position": "bottom",
                        "abt__ut2_mwi__dropdown": "N",
                        "level": 1,
                        "item": "Cameras & Photo",
                        "ru": {
                            "descr": "\u0424\u043e\u0442\u043e \u0438 \u0432\u0438\u0434\u0435\u043e \u043a\u0430\u043c\u0435\u0440\u044b"
                        },
                        "image": "217-abt__ut2_mwi__icon.png",
                        "ab__use_category_link": "Y"
                    },
                    "218": {
                        "abt__ut2_mwi__status": "Y",
                        "abt__ut2_mwi__label_color": "#ffffff",
                        "abt__ut2_mwi__label_background": "#ffffff",
                        "abt__ut2_mwi__text_position": "bottom",
                        "abt__ut2_mwi__dropdown": "N",
                        "level": 1,
                        "item": "Game consoles",
                        "ru": {
                            "descr": "\u0418\u0433\u0440\u043e\u0432\u044b\u0435 \u043f\u0440\u0438\u0441\u0442\u0430\u0432\u043a\u0438"
                        },
                        "image": "218-abt__ut2_mwi__icon.png",
                        "ab__use_category_link": "Y"
                    }
                },
                "item": "Electronics",
                "href": "categories.view&category_id=166",
                "ru": {
                    "descr": "\u042d\u043b\u0435\u043a\u0442\u0440\u043e\u043d\u0438\u043a\u0430",
                    "abt__ut2_mwi__text": "<p><img src=\"data:image\/gif;base64,R0lGODlhAQABAAAAACH5BAEKAAEALAAAAAABAAEAAAICTAEAOw==\" data-src=\"design\/themes\/abt__unitheme2\/media\/images\/abt__unitheme2\/electronics-bg-menu.jpg\">\r\n<\/p>",
                    "abt__ut2_mwi__desc": "\u0422\u0435\u0441\u0442\u043e\u0432\u043e\u0435 \u043e\u043f\u0438\u0441\u0430\u043d\u0438\u0435 \u0434\u043b\u044f \u043f\u0443\u043d\u043a\u0442\u0430 \u043c\u0435\u043d\u044e - \u044d\u043b\u0435\u043a\u0442\u0440\u043e\u043d\u0438\u043a\u0430",
                    "abt__ut2_mwi__label": "\u043f\u043e\u043f\u0443\u043b\u044f\u0440\u043d\u043e"
                },
                "image": "211-abt__ut2_mwi__icon.png"
            },
            "222": {
                "class": "ty-menu-item__apparel",
                "position": "20",
                "abt__ut2_mwi__status": "Y",
                "abt__ut2_mwi__label_color": "#ffffff",
                "abt__ut2_mwi__label_background": "#363636",
                "abt__ut2_mwi__desc": "Top clothes collections, the most famous brands",
                "abt__ut2_mwi__text": "<div style=\"width:100%;text-align:center;\">\r\n\t<img src=\"data:image\/gif;base64,R0lGODlhAQABAAAAACH5BAEKAAEALAAAAAABAAEAAAICTAEAOw==\" data-src=\"design\/themes\/abt__unitheme2\/media\/images\/abt__unitheme2\/clothes-bg-menu.jpg\" alt=\"\" style=\"margin: 20px 0;\">\r\n\t<a href=\"https:\/\/unitheme.net\/odezhda\/\">\r\n\t<div style=\"font-size:18px;font-weight:bold;\">Discounts up to 50%\r\n\t<\/div><\/a>\r\n\tPromotional code for clothes<br>\r\n\t<a href=\"\/odezhda\/\" class=\"ty-btn ty-btn__primary\" style=\"margin: 20px 0;\">View Clothes<\/a>\r\n<\/div>",
                "abt__ut2_mwi__text_position": "right_top",
                "abt__ut2_mwi__dropdown": "N",
                "item": "Apparel",
                "ru": {
                    "descr": "\u041e\u0434\u0435\u0436\u0434\u0430",
                    "abt__ut2_mwi__text": "<div style=\"width:100%;text-align:center;\">\r\n\t<img src=\"data:image\/gif;base64,R0lGODlhAQABAAAAACH5BAEKAAEALAAAAAABAAEAAAICTAEAOw==\" data-src=\"design\/themes\/abt__unitheme2\/media\/images\/abt__unitheme2\/clothes-bg-menu.jpg\" alt=\"\" style=\"margin: 20px 0;\">\r\n\t<a href=\"https:\/\/unitheme.net\/odezhda\/\">\r\n\t<div style=\"font-size:18px;font-weight:bold;\">\u0421\u043a\u0438\u0434\u043a\u0438 \u0434\u043e -50%\r\n\t<\/div><\/a>\r\n\t\u041f\u043e \u043f\u0440\u043e\u043c\u043e\u043c\u043a\u043e\u0434\u0443 \u043d\u0430 \u0432\u0441\u044e \u043e\u0434\u0435\u0436\u0434\u0443<br>\r\n\t<a href=\"\/odezhda\/\" class=\"ty-btn ty-btn__primary\" style=\"margin: 20px 0;\">\u041f\u0440\u043e\u0441\u043c\u043e\u0442\u0440\u0435\u0442\u044c<\/a>\r\n<\/div>",
                    "abt__ut2_mwi__desc": "\u0422\u0435\u0441\u0442\u043e\u0432\u043e\u0435 \u043e\u043f\u0438\u0441\u0430\u043d\u0438\u0435 \u0434\u043b\u044f - \u043e\u0434\u0435\u0436\u0434\u0430",
                    "abt__ut2_mwi__label": ""
                },
                "image": "222-abt__ut2_mwi__icon.png",
                "ab__use_category_link": "Y"
            },
            "223": {
                "position": "30",
                "class": "ty-menu-item__sport",
                "abt__ut2_mwi__status": "Y",
                "abt__ut2_mwi__label_color": "#ffffff",
                "abt__ut2_mwi__label_background": "#ffffff",
                "abt__ut2_mwi__desc": "Sports accessories from the best brands",
                "abt__ut2_mwi__text": "<p><img src=\"data:image\/gif;base64,R0lGODlhAQABAAAAACH5BAEKAAEALAAAAAABAAEAAAICTAEAOw==\" data-src=\"design\/themes\/abt__unitheme2\/media\/images\/abt__unitheme2\/sports-bg-menu.jpg\">\r\n<\/p>",
                "abt__ut2_mwi__text_position": "bottom",
                "abt__ut2_mwi__dropdown": "N",
                "item": "Sports & Outdoors",
                "href": "categories.view&category_id=203",
                "ru": {
                    "descr": "\u0421\u043f\u043e\u0440\u0442 \u0438 \u043e\u0442\u0434\u044b\u0445",
                    "abt__ut2_mwi__text": "<p><img src=\"data:image\/gif;base64,R0lGODlhAQABAAAAACH5BAEKAAEALAAAAAABAAEAAAICTAEAOw==\" data-src=\"design\/themes\/abt__unitheme2\/media\/images\/abt__unitheme2\/sports-bg-menu.jpg\">\r\n<\/p>",
                    "abt__ut2_mwi__desc": "\u0422\u0435\u0441\u0442\u043e\u0432\u043e\u0435 \u043e\u043f\u0438\u0441\u0430\u043d\u0438\u0435 \u0434\u043b\u044f \u043f\u0443\u043d\u043a\u0442\u0430 \u043c\u0435\u043d\u044e - \u0421\u043f\u043e\u0440\u0442 \u0438 \u043e\u0442\u0434\u044b\u0445"
                },
                "image": "223-abt__ut2_mwi__icon.png",
                "ab__use_category_link": "Y"
            },
            "224": {
                "position": "40",
                "class": "ty-menu-item__office",
                "abt__ut2_mwi__status": "Y",
                "abt__ut2_mwi__label_color": "#ffffff",
                "abt__ut2_mwi__label_background": "#ffffff",
                "abt__ut2_mwi__desc": "Everything you need for your office",
                "abt__ut2_mwi__text_position": "bottom",
                "abt__ut2_mwi__dropdown": "N",
                "item": "Office Supplies",
                "ru": {
                    "descr": "\u041a\u0430\u043d\u0446\u0435\u043b\u044f\u0440\u0441\u043a\u0438\u0435 \u0442\u043e\u0432\u0430\u0440\u044b",
                    "abt__ut2_mwi__desc": "\u041a\u0430\u043d\u0446\u0435\u043b\u044f\u0440\u0441\u043a\u0438\u0435 \u0442\u043e\u0432\u0430\u0440\u044b - \u0442\u0435\u0441\u0442\u043e\u0432\u043e\u0435 \u043a\u0440\u0430\u0442\u043a\u043e\u0435 \u043e\u043f\u0438\u0441\u0430\u043d\u0438\u0435"
                },
                "image": "224-abt__ut2_mwi__icon.png",
                "ab__use_category_link": "Y"
            },
            "225": {
                "position": "50",
                "class": "ty-menu-item__media",
                "abt__ut2_mwi__status": "Y",
                "abt__ut2_mwi__label": "New",
                "abt__ut2_mwi__label_color": "#ffffff",
                "abt__ut2_mwi__label_background": "#eb560c",
                "abt__ut2_mwi__desc": "Catalog best video game in store. Our whole life is a game!",
                "abt__ut2_mwi__text": "<p><img src=\"data:image\/gif;base64,R0lGODlhAQABAAAAACH5BAEKAAEALAAAAAABAAEAAAICTAEAOw==\" data-src=\"design\/themes\/abt__unitheme2\/media\/images\/abt__unitheme2\/games-bg-menu.jpg\">\r\n<\/p>",
                "abt__ut2_mwi__text_position": "bottom",
                "abt__ut2_mwi__dropdown": "N",
                "item": "Video Games",
                "ru": {
                    "descr": "\u0412\u0438\u0434\u0435\u043e\u0438\u0433\u0440\u044b",
                    "abt__ut2_mwi__text": "<p><img src=\"data:image\/gif;base64,R0lGODlhAQABAAAAACH5BAEKAAEALAAAAAABAAEAAAICTAEAOw==\" data-src=\"design\/themes\/abt__unitheme2\/media\/images\/abt__unitheme2\/games-bg-menu.jpg\">\r\n<\/p>",
                    "abt__ut2_mwi__desc": "\u0412\u0438\u0434\u0435\u043e\u0438\u0433\u0440\u044b - \u0442\u0435\u0441\u0442\u043e\u0432\u043e\u0435 \u043e\u043f\u0438\u0441\u0430\u043d\u0438\u0435",
                    "abt__ut2_mwi__label": "\u041d\u043e\u0432\u043e\u0435"
                },
                "image": "225-abt__ut2_mwi__icon.png",
                "ab__use_category_link": "Y"
            },
            "226": {
                "position": "80",
                "class": "ty-menu-item__brands",
                "abt__ut2_mwi__status": "Y",
                "abt__ut2_mwi__label": "All brands",
                "abt__ut2_mwi__label_color": "#999999",
                "abt__ut2_mwi__label_background": "#ffffff",
                "abt__ut2_mwi__desc": "Full list of all brands in the store. Browse all brands",
                "abt__ut2_mwi__text_position": "bottom",
                "abt__ut2_mwi__dropdown": "N",
                "item": "Brands",
                "href": "product_features.view_all",
                "ru": {
                    "descr": "\u0411\u0440\u0435\u043d\u0434\u044b",
                    "abt__ut2_mwi__desc": "\u0421\u0430\u043c\u044b\u0435 \u0438\u0437\u0432\u0435\u0441\u0442\u043d\u044b\u0435 \u0431\u0440\u0435\u043d\u0434\u044b \u043c\u0438\u0440\u0430"
                },
                "image": "226-abt__ut2_mwi__icon.png"
            }
        }
    },
    "AB: Top menu": {
        "abt__ut2_demo_block_id": "top_menu",
        "items": {
            "265": {
                "position": "10",
                "item": "Promotions",
                "href": "promotions.list",
                "ru": {
                    "descr": "\u041f\u0440\u043e\u043c\u043e-\u0430\u043a\u0446\u0438\u0438"
                }
            },
            "264": {
                "position": "20",
                "class": "ty-menu-item__brands",
                "item": "Brands",
                "href": "product_features.view_all",
                "ru": {
                    "descr": "\u0411\u0440\u0435\u043d\u0434\u044b"
                }
            },
            "266": {
                "position": "30",
                "class": "ty-menu-item__newest",
                "item": "Newest",
                "href": "products.newest",
                "ru": {
                    "descr": "\u041d\u043e\u0432\u0438\u043d\u043a\u0438"
                }
            },
            "267": {
                "position": "40",
                "class": "ty-menu-item__hits",
                "item": "Bestsellers",
                "href": "products.bestsellers",
                "ru": {
                    "descr": "\u0425\u0438\u0442\u044b \u043f\u0440\u043e\u0434\u0430\u0436"
                }
            },
            "268": {
                "position": "50",
                "class": "ty-menu-item__sale",
                "item": "On sale",
                "href": "products.on_sale",
                "ru": {
                    "descr": "\u0422\u043e\u0432\u0430\u0440\u044b \u0441\u043e \u0441\u043a\u0438\u0434\u043a\u043e\u0439"
                }
            }
        }
    }
}